title,url,publication_date,issuing_department,ai_score,full_text
关于国家标准《网络安全技术 密码设备应用接口规范》征求意见稿征求意见的通知,https://www.tc260.org.cn/portal/suggestion-detail/09a6a6c13ef3420b9c056e1a5c69a13a,2025-12-12,全国信息安全标准化技术委员会,5,"各相关单位和专家：
经标准编制单位的辛勤努力，现已形成国家标准《网络安全技术 密码设备应用接口规范》征求意见稿。为确保标准质量，网安标委秘书处面向社会广泛征求意见。
恳切希望您对该标准提出宝贵意见。并将意见于2026年02月10日前反馈给网安标委秘书处。
联系人：张博然   13051502670
zhangbr@cesi.cn
全国网络安全标准化技术委员会秘书处
2025年12月12日

--- 相关附件 ---
- 网络安全技术  密码设备应用接口规范-征求意见稿.docx: https://www.tc260.org.cn/sysFile/downloadFile/e3b219597e3d4a628fa24035699c3602
- 网络安全技术  密码设备应用接口规范-编制说明.docx: https://www.tc260.org.cn/sysFile/downloadFile/b1c051380c5a4c90887b4d1cadbf6e26
"
关于国家标准《数据安全技术 公共数据开放安全要求》征求意见稿征求意见的通知,https://www.tc260.org.cn/portal/suggestion-detail/0f18c08d21dc491b896b22667046ae58,2025-12-12,全国信息安全标准化技术委员会,17,"各相关单位和专家：
经标准编制单位的辛勤努力，现已形成国家标准《数据安全技术 公共数据开放安全要求》征求意见稿。为确保标准质量，网安标委秘书处面向社会广泛征求意见。
恳切希望您对该标准提出宝贵意见。并将意见于2026年02月10日前反馈给网安标委秘书处。
联系人：张博然   13051502670
zhangbr@cesi.cn
全国网络安全标准化技术委员会秘书处
2025年12月12日

--- 相关附件 ---
- 《数据安全技术 公共数据开放安全要求》征求意见稿 2025.12.11 提交版.docx: https://www.tc260.org.cn/sysFile/downloadFile/1d2a603a243f424e815f1a52e834c421
- 《数据安全技术  公共数据开放安全要求》编制说明-20251212.docx: https://www.tc260.org.cn/sysFile/downloadFile/a4070b5f75634fefa0b014a35a88d6e6
"
关于国家标准《网络安全技术 政务云平台安全监测方法》征求意见稿征求意见的通知,https://www.tc260.org.cn/portal/suggestion-detail/6586d59ff51041afa750e97a544cd8be,2025-12-12,全国信息安全标准化技术委员会,9,"各相关单位和专家：
经标准编制单位的辛勤努力，现已形成国家标准《网络安全技术 政务云平台安全监测方法》征求意见稿。为确保标准质量，网安标委秘书处面向社会广泛征求意见。
恳切希望您对该标准提出宝贵意见。并将意见于2026年02月10日前反馈给网安标委秘书处。
联系人：张博然   13051502670
zhangbr@cesi.cn
全国网络安全标准化技术委员会秘书处
2025年12月12日

--- 相关附件 ---
- 《网络安全技术 政务云平台安全监测方法(征求意见稿)》.pdf: https://www.tc260.org.cn/sysFile/downloadFile/56a130cbf15848c1aa3f810c72f087e4
- 《网络安全技术 政务云平台安全监测方法》编制说明.pdf: https://www.tc260.org.cn/sysFile/downloadFile/83dd1eec91f94660a14fb7f5b7e3f787
"
关于国家标准《网络安全技术 物联网感知终端应用安全技术要求》征求意见稿征求意见的通知,https://www.tc260.org.cn/portal/suggestion-detail/6f3aae89a23941bdbee766fc3e82056d,2025-12-12,全国信息安全标准化技术委员会,8,"各相关单位和专家：
经标准编制单位的辛勤努力，现已形成国家标准《网络安全技术 物联网感知终端应用安全技术要求》征求意见稿。为确保标准质量，网安标委秘书处面向社会广泛征求意见。
恳切希望您对该标准提出宝贵意见。并将意见于2026年02月10日前反馈给网安标委秘书处。
联系人：张博然   13051502670
zhangbr@cesi.cn
全国网络安全标准化技术委员会秘书处
2025年12月12日

--- 相关附件 ---
- 《网络安全技术+物联网感知终端使用安全技术》-12月.docx: https://www.tc260.org.cn/sysFile/downloadFile/8b4503a5666441b1972d3060abab3b57
- 编制说明-物联网感知终端应用安全技术要求2025年12月.docx: https://www.tc260.org.cn/sysFile/downloadFile/37c13f9c354745f5a3715e598f4c59ff
"
关于国家标准《网络安全技术 区块链共识机制安全要求》征求意见稿征求意见的通知,https://www.tc260.org.cn/portal/suggestion-detail/eb3482ff081a4adb9ba5240a533913e7,2025-12-12,全国信息安全标准化技术委员会,9,"各相关单位和专家：
经标准编制单位的辛勤努力，现已形成国家标准《网络安全技术 区块链共识机制安全要求》征求意见稿。为确保标准质量，网安标委秘书处面向社会广泛征求意见。
恳切希望您对该标准提出宝贵意见。并将意见于2026年02月10日前反馈给网安标委秘书处。
联系人：张博然   13051502670
zhangbr@cesi.cn
全国网络安全标准化技术委员会秘书处
2025年12月12日

--- 相关附件 ---
- 网络安全技术 区块链共识机制安全要求-标准文本.docx: https://www.tc260.org.cn/sysFile/downloadFile/7de843320afc45398099ef3dd64f4521
- 网络安全技术 区块链共识机制安全要求 编制说明.docx: https://www.tc260.org.cn/sysFile/downloadFile/34f84ab15e3b4fe8a213578063df6e46
"
关于国家标准《网络安全技术 密码模块安全要求》征求意见稿征求意见的通知,https://www.tc260.org.cn/portal/suggestion-detail/fba1a787d73e441d9f8a617e375cdbb1,2025-12-12,全国信息安全标准化技术委员会,9,"各相关单位和专家：
经标准编制单位的辛勤努力，现已形成国家标准《网络安全技术 密码模块安全要求》征求意见稿。为确保标准质量，网安标委秘书处面向社会广泛征求意见。
恳切希望您对该标准提出宝贵意见。并将意见于2026年02月10日前反馈给网安标委秘书处。
联系人：张博然   13051502670
zhangbr@cesi.cn
全国网络安全标准化技术委员会秘书处
2025年12月12日

--- 相关附件 ---
- 《网络安全技术 密码模块安全要求》标准文本 征求意见稿.docx: https://www.tc260.org.cn/sysFile/downloadFile/ddff91c7f4c14061b229a11967d76112
- 网络安全技术 密码模块安全要求-编制说明.docx: https://www.tc260.org.cn/sysFile/downloadFile/c4890a56391744a38e4798e3a02cb7d9
"
关于国家标准《数据安全技术 数据安全保护要求》征求意见稿征求意见的通知,https://www.tc260.org.cn/portal/suggestion-detail/20251031084754,2025-10-31,全国信息安全标准化技术委员会,17,"各相关单位和专家：
经标准编制单位的辛勤努力，现已形成国家标准《数据安全技术 数据安全保护要求》征求意见稿。为确保标准质量，网安标委秘书处面向社会广泛征求意见。
恳切希望您对该标准提出宝贵意见。并将意见于2025年12月30日前反馈给网安标委秘书处。
联系人：王姣
13661025214
wangjiao@cesi.cn
全国网络安全标准化技术委员会秘书处
2025
年
10
月
31
日

--- 相关附件 ---
- 数据安全技术 数据安全保护要求-标准文本: https://www.tc260.org.cn/sysFile/downloadFile/zqyj_20251031084754
- 数据安全技术 数据安全保护要求-编制说明: https://www.tc260.org.cn/sysFile/downloadFile/bzsm_20251031084754
"
关于国家标准《网络安全技术 开放的第三方资源授权协议》征求意见稿征求意见的通知,https://www.tc260.org.cn/portal/suggestion-detail/20250827154251,2025-08-27,全国信息安全标准化技术委员会,5,"各相关单位和专家：
经标准编制单位的辛勤努力，现已形成国家标准《网络安全技术 开放的第三方资源授权协议》征求意见稿。为确保标准质量，网安标委秘书处面向社会广泛征求意见。
恳切希望您对该标准提出宝贵意见。并将意见于2025年10月26日前反馈给网安标委秘书处。
联系人：王姣
13661025214
wangjiao@cesi.cn
全国网络安全标准化技术委员会秘书处
2025
年
08
月
27
日

--- 相关附件 ---
- 网络安全技术 开放的第三方资源授权协议-标准文本: https://www.tc260.org.cn/sysFile/downloadFile/zqyj_20250827154251
- 网络安全技术 开放的第三方资源授权协议-编制说明: https://www.tc260.org.cn/sysFile/downloadFile/bzsm_20250827154251
"
关于国家标准《网络安全技术 鉴别与授权 基于属性的访问控制模型与管理规范》征求意见稿征求意见的通知,https://www.tc260.org.cn/portal/suggestion-detail/20250827154317,2025-08-27,全国信息安全标准化技术委员会,5,"各相关单位和专家：
经标准编制单位的辛勤努力，现已形成国家标准《网络安全技术 鉴别与授权 基于属性的访问控制模型与管理规范》征求意见稿。为确保标准质量，网安标委秘书处面向社会广泛征求意见。
恳切希望您对该标准提出宝贵意见。并将意见于2025年10月26日前反馈给网安标委秘书处。
联系人：王姣
13661025214
wangjiao@cesi.cn
全国网络安全标准化技术委员会秘书处
2025
年
08
月
27
日

--- 相关附件 ---
- 网络安全技术 鉴别与授权 基于属性的访问控制模型与管理规范-标准文本: https://www.tc260.org.cn/sysFile/downloadFile/zqyj_20250827154317
- 网络安全技术 鉴别与授权 基于属性的访问控制模型与管理规范-编制说明: https://www.tc260.org.cn/sysFile/downloadFile/bzsm_20250827154317
"
关于国家标准《数据安全技术 个人信息匿名化处理指南及评价方法》征求意见稿征求意见的通知,https://www.tc260.org.cn/portal/suggestion-detail/20250827154341,2025-08-27,全国信息安全标准化技术委员会,9,"各相关单位和专家：
经标准编制单位的辛勤努力，现已形成国家标准《数据安全技术 个人信息匿名化处理指南及评价方法》征求意见稿。为确保标准质量，网安标委秘书处面向社会广泛征求意见。
恳切希望您对该标准提出宝贵意见。并将意见于2025年10月26日前反馈给网安标委秘书处。
联系人：王姣
13661025214
wangjiao@cesi.cn
全国网络安全标准化技术委员会秘书处
2025
年
08
月
27
日

--- 相关附件 ---
- 数据安全技术 个人信息匿名化处理指南及评价方法-标准文本: https://www.tc260.org.cn/sysFile/downloadFile/zqyj_20250827154341
- 数据安全技术 个人信息匿名化处理指南及评价方法-编制说明: https://www.tc260.org.cn/sysFile/downloadFile/bzsm_20250827154341
"
关于国家标准《网络安全技术 物联网安全参考模型及通用要求》征求意见稿征求意见的通知,https://www.tc260.org.cn/portal/suggestion-detail/20250827154408,2025-08-27,全国信息安全标准化技术委员会,9,"各相关单位和专家：
经标准编制单位的辛勤努力，现已形成国家标准《网络安全技术 物联网安全参考模型及通用要求》征求意见稿。为确保标准质量，网安标委秘书处面向社会广泛征求意见。
恳切希望您对该标准提出宝贵意见。并将意见于2025年10月26日前反馈给网安标委秘书处。
联系人：王姣
13661025214
wangjiao@cesi.cn
全国网络安全标准化技术委员会秘书处
2025
年
08
月
27
日

--- 相关附件 ---
- 网络安全技术 物联网安全参考模型及通用要求-标准文本: https://www.tc260.org.cn/sysFile/downloadFile/zqyj_20250827154408
- 网络安全技术 物联网安全参考模型及通用要求-编制说明: https://www.tc260.org.cn/sysFile/downloadFile/bzsm_20250827154408
"
关于国家标准《数据安全技术 未成年人产品和服务个人信息保护要求》征求意见稿征求意见的通知,https://www.tc260.org.cn/portal/suggestion-detail/20250729163250,2025-07-29,全国信息安全标准化技术委员会,9,"各相关单位和专家：
经标准编制单位的辛勤努力，现已形成国家标准《数据安全技术 未成年人产品和服务个人信息保护要求》征求意见稿。为确保标准质量，网安标委秘书处面向社会广泛征求意见。
恳切希望您对该标准提出宝贵意见。并将意见于2025年09月27日前反馈给网安标委秘书处。
联系人：王姣
13661025214
wangjiao@cesi.cn
全国网络安全标准化技术委员会秘书处
2025
年
07
月
29
日

--- 相关附件 ---
- 数据安全技术 未成年人产品和服务个人信息保护要求-标准文本: https://www.tc260.org.cn/sysFile/downloadFile/zqyj_20250729163250
- 数据安全技术 未成年人产品和服务个人信息保护要求-编制说明: https://www.tc260.org.cn/sysFile/downloadFile/bzsm_20250729163250
"
关于国家标准《网络安全技术 移动互联网未成年人模式技术要求》征求意见稿征求意见的通知,https://www.tc260.org.cn/portal/suggestion-detail/20250729163316,2025-07-29,全国信息安全标准化技术委员会,5,"各相关单位和专家：
经标准编制单位的辛勤努力，现已形成国家标准《网络安全技术 移动互联网未成年人模式技术要求》征求意见稿。为确保标准质量，网安标委秘书处面向社会广泛征求意见。
恳切希望您对该标准提出宝贵意见。并将意见于2025年09月27日前反馈给网安标委秘书处。
联系人：王姣
13661025214
wangjiao@cesi.cn
全国网络安全标准化技术委员会秘书处
2025
年
07
月
29
日

--- 相关附件 ---
- 网络安全技术 移动互联网未成年人模式技术要求-标准文本: https://www.tc260.org.cn/sysFile/downloadFile/zqyj_20250729163316
- 网络安全技术 移动互联网未成年人模式技术要求-编制说明: https://www.tc260.org.cn/sysFile/downloadFile/bzsm_20250729163316
"
关于国家标准《网络安全技术  工业控制系统网络安全防护能力成熟度模型》征求意见稿征求意见的通知,https://www.tc260.org.cn/portal/suggestion-detail/20250729163355,2025-07-29,全国信息安全标准化技术委员会,9,"各相关单位和专家：
经标准编制单位的辛勤努力，现已形成国家标准《网络安全技术  工业控制系统网络安全防护能力成熟度模型》征求意见稿。为确保标准质量，网安标委秘书处面向社会广泛征求意见。
恳切希望您对该标准提出宝贵意见。并将意见于2025年09月27日前反馈给网安标委秘书处。
联系人：王姣
13661025214
wangjiao@cesi.cn
全国网络安全标准化技术委员会秘书处
2025
年
07
月
29
日

--- 相关附件 ---
- 网络安全技术  工业控制系统网络安全防护能力成熟度模型-标准文本: https://www.tc260.org.cn/sysFile/downloadFile/zqyj_20250729163355
- 网络安全技术  工业控制系统网络安全防护能力成熟度模型-编制说明: https://www.tc260.org.cn/sysFile/downloadFile/bzsm_20250729163355
"
关于国家标准《网络安全技术 嵌入式操作系统安全技术规范》征求意见稿征求意见的通知,https://www.tc260.org.cn/portal/suggestion-detail/20250729163416,2025-07-29,全国信息安全标准化技术委员会,9,"各相关单位和专家：
经标准编制单位的辛勤努力，现已形成国家标准《网络安全技术 嵌入式操作系统安全技术规范》征求意见稿。为确保标准质量，网安标委秘书处面向社会广泛征求意见。
恳切希望您对该标准提出宝贵意见。并将意见于2025年09月27日前反馈给网安标委秘书处。
联系人：王姣
13661025214
wangjiao@cesi.cn
全国网络安全标准化技术委员会秘书处
2025
年
07
月
29
日

--- 相关附件 ---
- 网络安全技术 嵌入式操作系统安全技术规范-标准文本: https://www.tc260.org.cn/sysFile/downloadFile/zqyj_20250729163416
- 网络安全技术 嵌入式操作系统安全技术规范-编制说明: https://www.tc260.org.cn/sysFile/downloadFile/bzsm_20250729163416
"
关于国家标准《网络安全技术 操作系统安全技术规范》征求意见稿征求意见的通知,https://www.tc260.org.cn/portal/suggestion-detail/20250729163442,2025-07-29,全国信息安全标准化技术委员会,9,"各相关单位和专家：
经标准编制单位的辛勤努力，现已形成国家标准《网络安全技术 操作系统安全技术规范》征求意见稿。为确保标准质量，网安标委秘书处面向社会广泛征求意见。
恳切希望您对该标准提出宝贵意见。并将意见于2025年09月27日前反馈给网安标委秘书处。
联系人：王姣
13661025214
wangjiao@cesi.cn
全国网络安全标准化技术委员会秘书处
2025
年
07
月
29
日

--- 相关附件 ---
- 网络安全技术 操作系统安全技术规范-标准文本: https://www.tc260.org.cn/sysFile/downloadFile/zqyj_20250729163442
- 网络安全技术 操作系统安全技术规范-编制说明: https://www.tc260.org.cn/sysFile/downloadFile/bzsm_20250729163442
"
关于国家标准《网络安全技术 事件调查原则和过程》征求意见稿征求意见的通知,https://www.tc260.org.cn/portal/suggestion-detail/20250715141508,2025-07-14,全国信息安全标准化技术委员会,5,"各相关单位和专家：
经标准编制单位的辛勤努力，现已形成国家标准《网络安全技术 事件调查原则和过程》征求意见稿。为确保标准质量，网安标委秘书处面向社会广泛征求意见。
恳切希望您对该标准提出宝贵意见。并将意见于2025年09月12日前反馈给网安标委秘书处。
联系人：王姣
13661025214
wangjiao@cesi.cn
全国网络安全标准化技术委员会秘书处
2025
年
07
月
14
日

--- 相关附件 ---
- 网络安全技术 事件调查原则和过程-标准文本: https://www.tc260.org.cn/sysFile/downloadFile/zqyj_20250715141508
- 网络安全技术 事件调查原则和过程-编制说明: https://www.tc260.org.cn/sysFile/downloadFile/bzsm_20250715141508
"
关于国家标准《网络安全技术 网络安全产品互联互通 第5部分：行为信息格式》征求意见稿征求意见的通知,https://www.tc260.org.cn/portal/suggestion-detail/20250715141609,2025-07-14,全国信息安全标准化技术委员会,9,"各相关单位和专家：
经标准编制单位的辛勤努力，现已形成国家标准《网络安全技术 网络安全产品互联互通 第5部分：行为信息格式》征求意见稿。为确保标准质量，网安标委秘书处面向社会广泛征求意见。
恳切希望您对该标准提出宝贵意见。并将意见于2025年09月12日前反馈给网安标委秘书处。
联系人：王姣
13661025214
wangjiao@cesi.cn
全国网络安全标准化技术委员会秘书处
2025
年
07
月
14
日

--- 相关附件 ---
- 网络安全技术 网络安全产品互联互通 第5部分：行为信息格式-标准文本: https://www.tc260.org.cn/sysFile/downloadFile/zqyj_20250715141609
- 网络安全技术 网络安全产品互联互通 第5部分：行为信息格式-编制说明: https://www.tc260.org.cn/sysFile/downloadFile/bzsm_20250715141609
"
关于国家标准《网络安全技术 电子邮件系统安全技术规范》征求意见稿征求意见的通知,https://www.tc260.org.cn/portal/suggestion-detail/20250715141709,2025-07-14,全国信息安全标准化技术委员会,9,"各相关单位和专家：
经标准编制单位的辛勤努力，现已形成国家标准《网络安全技术 电子邮件系统安全技术规范》征求意见稿。为确保标准质量，网安标委秘书处面向社会广泛征求意见。
恳切希望您对该标准提出宝贵意见。并将意见于2025年09月12日前反馈给网安标委秘书处。
联系人：王姣
13661025214
wangjiao@cesi.cn
全国网络安全标准化技术委员会秘书处
2025
年
07
月
14
日

--- 相关附件 ---
- 网络安全技术 电子邮件系统安全技术规范-标准文本: https://www.tc260.org.cn/sysFile/downloadFile/zqyj_20250715141709
- 网络安全技术 电子邮件系统安全技术规范-编制说明: https://www.tc260.org.cn/sysFile/downloadFile/bzsm_20250715141709
"
关于国家标准《网络安全技术 网络安全等级保护测评机构能力要求和评估规范》征求意见稿征求意见的通知,https://www.tc260.org.cn/portal/suggestion-detail/20250715141744,2025-07-14,全国信息安全标准化技术委员会,9,"各相关单位和专家：
经标准编制单位的辛勤努力，现已形成国家标准《网络安全技术 网络安全等级保护测评机构能力要求和评估规范》征求意见稿。为确保标准质量，网安标委秘书处面向社会广泛征求意见。
恳切希望您对该标准提出宝贵意见。并将意见于2025年09月12日前反馈给网安标委秘书处。
联系人：王姣
13661025214
wangjiao@cesi.cn
全国网络安全标准化技术委员会秘书处
2025
年
07
月
14
日

--- 相关附件 ---
- 网络安全技术 网络安全等级保护测评机构能力要求和评估规范-标准文本: https://www.tc260.org.cn/sysFile/downloadFile/zqyj_20250715141744
- 网络安全技术 网络安全等级保护测评机构能力要求和评估规范-编制说明: https://www.tc260.org.cn/sysFile/downloadFile/bzsm_20250715141744
"
关于国家标准《网络安全技术 信息系统安全保障评估框架 第2部分：安全保障要求》征求意见稿征求意见的通知,https://www.tc260.org.cn/portal/suggestion-detail/20250715141801,2025-07-14,全国信息安全标准化技术委员会,13,"各相关单位和专家：
经标准编制单位的辛勤努力，现已形成国家标准《网络安全技术 信息系统安全保障评估框架 第2部分：安全保障要求》征求意见稿。为确保标准质量，网安标委秘书处面向社会广泛征求意见。
恳切希望您对该标准提出宝贵意见。并将意见于2025年09月12日前反馈给网安标委秘书处。
联系人：王姣
13661025214
wangjiao@cesi.cn
全国网络安全标准化技术委员会秘书处
2025
年
07
月
14
日

--- 相关附件 ---
- 网络安全技术 信息系统安全保障评估框架 第2部分：安全保障要求-标准文本: https://www.tc260.org.cn/sysFile/downloadFile/zqyj_20250715141801
- 网络安全技术 信息系统安全保障评估框架 第2部分：安全保障要求-编制说明: https://www.tc260.org.cn/sysFile/downloadFile/bzsm_20250715141801
"
关于国家标准《网络安全技术 网络存储安全技术要求》征求意见稿征求意见的通知,https://www.tc260.org.cn/portal/suggestion-detail/20250715141817,2025-07-14,全国信息安全标准化技术委员会,9,"各相关单位和专家：
经标准编制单位的辛勤努力，现已形成国家标准《网络安全技术 网络存储安全技术要求》征求意见稿。为确保标准质量，网安标委秘书处面向社会广泛征求意见。
恳切希望您对该标准提出宝贵意见。并将意见于2025年09月12日前反馈给网安标委秘书处。
联系人：王姣
13661025214
wangjiao@cesi.cn
全国网络安全标准化技术委员会秘书处
2025
年
07
月
14
日

--- 相关附件 ---
- 网络安全技术 网络存储安全技术要求-标准文本: https://www.tc260.org.cn/sysFile/downloadFile/zqyj_20250715141817
- 网络安全技术 网络存储安全技术要求-编制说明: https://www.tc260.org.cn/sysFile/downloadFile/bzsm_20250715141817
"
关于国家标准《网络安全技术 网络安全产品互联互通 第6部分：功能接口》征求意见稿征求意见的通知,https://www.tc260.org.cn/portal/suggestion-detail/20250715141833,2025-07-14,全国信息安全标准化技术委员会,9,"各相关单位和专家：
经标准编制单位的辛勤努力，现已形成国家标准《网络安全技术 网络安全产品互联互通 第6部分：功能接口》征求意见稿。为确保标准质量，网安标委秘书处面向社会广泛征求意见。
恳切希望您对该标准提出宝贵意见。并将意见于2025年09月12日前反馈给网安标委秘书处。
联系人：王姣
13661025214
wangjiao@cesi.cn
全国网络安全标准化技术委员会秘书处
2025
年
07
月
14
日

--- 相关附件 ---
- 网络安全技术 网络安全产品互联互通 第6部分：功能接口-标准文本: https://www.tc260.org.cn/sysFile/downloadFile/zqyj_20250715141833
- 网络安全技术 网络安全产品互联互通 第6部分：功能接口-编制说明: https://www.tc260.org.cn/sysFile/downloadFile/bzsm_20250715141833
"
关于国家标准《网络安全技术 关键信息基础设施安全监测预警实施指南》征求意见稿征求意见的通知,https://www.tc260.org.cn/portal/suggestion-detail/20250715141531069820,2025-07-14,全国信息安全标准化技术委员会,9,"各相关单位和专家：
经标准编制单位的辛勤努力，现已形成国家标准《网络安全技术 关键信息基础设施安全监测预警实施指南》征求意见稿。为确保标准质量，网安标委秘书处面向社会广泛征求意见。
恳切希望您对该标准提出宝贵意见。并将意见于2025年09月12日前反馈给网安标委秘书处。
联系人：王姣
13661025214
wangjiao@cesi.cn
全国网络安全标准化技术委员会秘书处
2025
年
07
月
14
日

--- 相关附件 ---
- 网络安全技术 关键信息基础设施安全监测预警实施指南-标准文本: https://www.tc260.org.cn/sysFile/downloadFile/zqyj_20250715141531069820
- 网络安全技术 关键信息基础设施安全监测预警实施指南-编制说明: https://www.tc260.org.cn/sysFile/downloadFile/bzsm_20250715141531069820
"
关于国家标准《网络安全技术 关键信息基础设施安全主动防御实施指南》征求意见稿征求意见的通知,https://www.tc260.org.cn/portal/suggestion-detail/20250715141531084864,2025-07-14,全国信息安全标准化技术委员会,9,"各相关单位和专家：
经标准编制单位的辛勤努力，现已形成国家标准《网络安全技术 关键信息基础设施安全主动防御实施指南》征求意见稿。为确保标准质量，网安标委秘书处面向社会广泛征求意见。
恳切希望您对该标准提出宝贵意见。并将意见于2025年09月12日前反馈给网安标委秘书处。
联系人：王姣
13661025214
wangjiao@cesi.cn
全国网络安全标准化技术委员会秘书处
2025
年
07
月
14
日

--- 相关附件 ---
- 网络安全技术 关键信息基础设施安全主动防御实施指南-标准文本: https://www.tc260.org.cn/sysFile/downloadFile/zqyj_20250715141531084864
- 网络安全技术 关键信息基础设施安全主动防御实施指南-编制说明: https://www.tc260.org.cn/sysFile/downloadFile/bzsm_20250715141531084864
"
关于国家标准《网络安全技术 软件安全开发能力评估准则》征求意见稿征求意见的通知,https://www.tc260.org.cn/portal/suggestion-detail/20250618110906,2025-06-18,全国信息安全标准化技术委员会,9,"各相关单位和专家：
经标准编制单位的辛勤努力，现已形成国家标准《网络安全技术 软件安全开发能力评估准则》征求意见稿。为确保标准质量，网安标委秘书处面向社会广泛征求意见。
恳切希望您对该标准提出宝贵意见。并将意见于2025年08月17日前反馈给网安标委秘书处。
联系人：王姣
13661025214
wangjiao@cesi.cn
全国网络安全标准化技术委员会秘书处
2025
年
06
月
18
日

--- 相关附件 ---
- 网络安全技术 软件安全开发能力评估准则-标准文本: https://www.tc260.org.cn/sysFile/downloadFile/zqyj_20250618110906
- 网络安全技术 软件安全开发能力评估准则-编制说明: https://www.tc260.org.cn/sysFile/downloadFile/bzsm_20250618110906
"
关于国家标准《网络安全技术 引入可信第三方的实体鉴别   及接入架构规范》征求意见稿征求意见的通知,https://www.tc260.org.cn/portal/suggestion-detail/20250618111326,2025-06-18,全国信息安全标准化技术委员会,5,"各相关单位和专家：
经标准编制单位的辛勤努力，现已形成国家标准《网络安全技术 引入可信第三方的实体鉴别   及接入架构规范》征求意见稿。为确保标准质量，网安标委秘书处面向社会广泛征求意见。
恳切希望您对该标准提出宝贵意见。并将意见于2025年08月17日前反馈给网安标委秘书处。
联系人：王姣
13661025214
wangjiao@cesi.cn
全国网络安全标准化技术委员会秘书处
2025
年
06
月
18
日

--- 相关附件 ---
- 网络安全技术 引入可信第三方的实体鉴别   及接入架构规范-标准文本: https://www.tc260.org.cn/sysFile/downloadFile/zqyj_20250618111326
- 网络安全技术 引入可信第三方的实体鉴别   及接入架构规范-编制说明: https://www.tc260.org.cn/sysFile/downloadFile/bzsm_20250618111326
"
关于国家标准《网络安全技术　网络安全产品互联互通 第4部分：威胁信息格式》征求意见稿征求意见的通知,https://www.tc260.org.cn/portal/suggestion-detail/20250618112449,2025-06-18,全国信息安全标准化技术委员会,8,"各相关单位和专家：
经标准编制单位的辛勤努力，现已形成国家标准《网络安全技术　网络安全产品互联互通 第4部分：威胁信息格式》征求意见稿。为确保标准质量，网安标委秘书处面向社会广泛征求意见。
恳切希望您对该标准提出宝贵意见。并将意见于2025年08月17日前反馈给网安标委秘书处。
联系人：王姣
13661025214
wangjiao@cesi.cn
全国网络安全标准化技术委员会秘书处
2025
年
06
月
18
日

--- 相关附件 ---
- 网络安全技术　网络安全产品互联互通 第4部分：威胁信息格式-标准文本: https://www.tc260.org.cn/sysFile/downloadFile/zqyj_20250618112449
- 《网络安全产品互联互通 第4部分：威胁信息格式》编制说明.doc: https://www.tc260.org.cn/sysFile/downloadFile/1d043d05a4cd4e27b7a8bdec6139c462
"
关于国家标准《网络安全技术 存储安全指南》征求意见稿征求意见的通知,https://www.tc260.org.cn/portal/suggestion-detail/20250618163204,2025-06-18,全国信息安全标准化技术委员会,9,"各相关单位和专家：
经标准编制单位的辛勤努力，现已形成国家标准《网络安全技术 存储安全指南》征求意见稿。为确保标准质量，网安标委秘书处面向社会广泛征求意见。
恳切希望您对该标准提出宝贵意见。并将意见于2025年08月17日前反馈给网安标委秘书处。
联系人：王姣
13661025214
wangjiao@cesi.cn
全国网络安全标准化技术委员会秘书处
2025
年
06
月
18
日

--- 相关附件 ---
- 网络安全技术 存储安全指南-标准文本: https://www.tc260.org.cn/sysFile/downloadFile/zqyj_20250618163204
- 网络安全技术 存储安全指南-编制说明: https://www.tc260.org.cn/sysFile/downloadFile/bzsm_20250618163204
"
关于国家标准《网络安全技术 政务云安全配置基线要求》征求意见稿征求意见的通知,https://www.tc260.org.cn/portal/suggestion-detail/20250530155435,2025-05-30,全国信息安全标准化技术委员会,9,"各相关单位和专家：
经标准编制单位的辛勤努力，现已形成国家标准《网络安全技术 政务云安全配置基线要求》征求意见稿。为确保标准质量，网安标委秘书处面向社会广泛征求意见。
恳切希望您对该标准提出宝贵意见。并将意见于2025年07月29日前反馈给网安标委秘书处。
联系人：王姣
13661025214
wangjiao@cesi.cn
全国网络安全标准化技术委员会秘书处
2025
年
05
月
30
日

--- 相关附件 ---
- 网络安全技术 政务云安全配置基线要求-标准文本: https://www.tc260.org.cn/sysFile/downloadFile/zqyj_20250530155435
- 网络安全技术 政务云安全配置基线要求-编制说明: https://www.tc260.org.cn/sysFile/downloadFile/bzsm_20250530155435
"
关于国家标准《网络安全技术 信息安全管理体系审核指南》征求意见稿征求意见的通知,https://www.tc260.org.cn/portal/suggestion-detail/20250530155508,2025-05-30,全国信息安全标准化技术委员会,9,"各相关单位和专家：
经标准编制单位的辛勤努力，现已形成国家标准《网络安全技术 信息安全管理体系审核指南》征求意见稿。为确保标准质量，网安标委秘书处面向社会广泛征求意见。
恳切希望您对该标准提出宝贵意见。并将意见于2025年07月29日前反馈给网安标委秘书处。
联系人：王姣
13661025214
wangjiao@cesi.cn
全国网络安全标准化技术委员会秘书处
2025
年
05
月
30
日

--- 相关附件 ---
- 网络安全技术 信息安全管理体系审核指南-标准文本: https://www.tc260.org.cn/sysFile/downloadFile/zqyj_20250530155508
- 网络安全技术 信息安全管理体系审核指南-编制说明: https://www.tc260.org.cn/sysFile/downloadFile/bzsm_20250530155508
"
关于国家标准《网络安全技术 互联网恶意软件定义与描述格式》征求意见稿征求意见的通知,https://www.tc260.org.cn/portal/suggestion-detail/20250530155543,2025-05-30,全国信息安全标准化技术委员会,5,"各相关单位和专家：
经标准编制单位的辛勤努力，现已形成国家标准《网络安全技术 互联网恶意软件定义与描述格式》征求意见稿。为确保标准质量，网安标委秘书处面向社会广泛征求意见。
恳切希望您对该标准提出宝贵意见。并将意见于2025年07月29日前反馈给网安标委秘书处。
联系人：王姣
13661025214
wangjiao@cesi.cn
全国网络安全标准化技术委员会秘书处
2025
年
05
月
30
日

--- 相关附件 ---
- 网络安全技术 互联网恶意软件定义与描述格式-标准文本: https://www.tc260.org.cn/sysFile/downloadFile/zqyj_20250530155543
- 网络安全技术 互联网恶意软件定义与描述格式-编制说明: https://www.tc260.org.cn/sysFile/downloadFile/bzsm_20250530155543
"
关于国家标准《网络安全技术 计算机基本输入输出系统（BIOS）安全技术规范》征求意见稿征求意见的通知,https://www.tc260.org.cn/portal/suggestion-detail/20250530155606,2025-05-30,全国信息安全标准化技术委员会,9,"各相关单位和专家：
经标准编制单位的辛勤努力，现已形成国家标准《网络安全技术 计算机基本输入输出系统（BIOS）安全技术规范》征求意见稿。为确保标准质量，网安标委秘书处面向社会广泛征求意见。
恳切希望您对该标准提出宝贵意见。并将意见于2025年07月29日前反馈给网安标委秘书处。
联系人：王姣
13661025214
wangjiao@cesi.cn
全国网络安全标准化技术委员会秘书处
2025
年
05
月
30
日

--- 相关附件 ---
- 网络安全技术 计算机基本输入输出系统（BIOS）安全技术规范-标准文本: https://www.tc260.org.cn/sysFile/downloadFile/zqyj_20250530155606
- 网络安全技术 计算机基本输入输出系统（BIOS）安全技术规范-编制说明: https://www.tc260.org.cn/sysFile/downloadFile/bzsm_20250530155606
"
关于国家标准《网络安全技术 SM2密码算法加密和签名消息格式》征求意见稿征求意见的通知,https://www.tc260.org.cn/portal/suggestion-detail/20250427104306,2025-04-25,全国信息安全标准化技术委员会,13,"各相关单位和专家：
经标准编制单位的辛勤努力，现已形成国家标准《网络安全技术 SM2密码算法加密和签名消息格式》征求意见稿。为确保标准质量，网安标委秘书处面向社会广泛征求意见。
恳切希望您对该标准提出宝贵意见。并将意见于2025年06月24日前反馈给网安标委秘书处。
联系人：王姣
13661025214
wangjiao@cesi.cn
全国网络安全标准化技术委员会秘书处
2025
年
04
月
25
日

--- 相关附件 ---
- 网络安全技术 SM2密码算法加密和签名消息格式-标准文本: https://www.tc260.org.cn/sysFile/downloadFile/zqyj_20250427104306
- 网络安全技术 SM2密码算法加密和签名消息格式-编制说明: https://www.tc260.org.cn/sysFile/downloadFile/bzsm_20250427104306
"
关于国家标准《网络安全技术 SM9密码算法加密签名消息格式》征求意见稿征求意见的通知,https://www.tc260.org.cn/portal/suggestion-detail/20250427104334,2025-04-25,全国信息安全标准化技术委员会,13,"各相关单位和专家：
经标准编制单位的辛勤努力，现已形成国家标准《网络安全技术 SM9密码算法加密签名消息格式》征求意见稿。为确保标准质量，网安标委秘书处面向社会广泛征求意见。
恳切希望您对该标准提出宝贵意见。并将意见于2025年06月24日前反馈给网安标委秘书处。
联系人：王姣
13661025214
wangjiao@cesi.cn
全国网络安全标准化技术委员会秘书处
2025
年
04
月
25
日

--- 相关附件 ---
- 网络安全技术 SM9密码算法加密签名消息格式-标准文本: https://www.tc260.org.cn/sysFile/downloadFile/zqyj_20250427104726
- 《网络安全技术 SM9密码算法加密签名消息格式》 送审稿编制说明.doc: https://www.tc260.org.cn/sysFile/downloadFile/11f175d5b51e4281be8239207c338809
"
关于国家标准《网络安全技术 SM9密码算法加密签名消息格式》征求意见稿征求意见的通知,https://www.tc260.org.cn/portal/suggestion-detail/20250427104351,2025-04-25,全国信息安全标准化技术委员会,13,"各相关单位和专家：
经标准编制单位的辛勤努力，现已形成国家标准《网络安全技术 SM9密码算法加密签名消息格式》征求意见稿。为确保标准质量，网安标委秘书处面向社会广泛征求意见。
恳切希望您对该标准提出宝贵意见。并将意见于2025年06月24日前反馈给网安标委秘书处。
联系人：王姣
13661025214
wangjiao@cesi.cn
全国网络安全标准化技术委员会秘书处
2025
年
04
月
25
日

--- 相关附件 ---
- 网络安全技术 SM9密码算法加密签名消息格式-标准文本: https://www.tc260.org.cn/sysFile/downloadFile/zqyj_20250427104726
- 《网络安全技术 SM9密码算法加密签名消息格式》 送审稿编制说明.doc: https://www.tc260.org.cn/sysFile/downloadFile/11f175d5b51e4281be8239207c338809
"
关于国家标准《网络安全技术 密码应用标识》征求意见稿征求意见的通知,https://www.tc260.org.cn/portal/suggestion-detail/20250427104421,2025-04-25,全国信息安全标准化技术委员会,5,"各相关单位和专家：
经标准编制单位的辛勤努力，现已形成国家标准《网络安全技术 密码应用标识》征求意见稿。为确保标准质量，网安标委秘书处面向社会广泛征求意见。
恳切希望您对该标准提出宝贵意见。并将意见于2025年06月24日前反馈给网安标委秘书处。
联系人：王姣
13661025214
wangjiao@cesi.cn
全国网络安全标准化技术委员会秘书处
2025
年
04
月
25
日

--- 相关附件 ---
- 网络安全技术 密码应用标识-标准文本: https://www.tc260.org.cn/sysFile/downloadFile/zqyj_20250427104421
- 5.2-《网络安全技术 密码应用标识》送审稿编制说明.pdf: https://www.tc260.org.cn/sysFile/downloadFile/e069e6ad8b854bf5835e16ce09c403d1
"
关于国家标准《网络安全技术 二元序列随机性检测方法》征求意见稿征求意见的通知,https://www.tc260.org.cn/portal/suggestion-detail/20250427104449,2025-04-25,全国信息安全标准化技术委员会,5,"各相关单位和专家：
经标准编制单位的辛勤努力，现已形成国家标准《网络安全技术 二元序列随机性检测方法》征求意见稿。为确保标准质量，网安标委秘书处面向社会广泛征求意见。
恳切希望您对该标准提出宝贵意见。并将意见于2025年06月24日前反馈给网安标委秘书处。
联系人：王姣
13661025214
wangjiao@cesi.cn
全国网络安全标准化技术委员会秘书处
2025
年
04
月
25
日

--- 相关附件 ---
- 网络安全技术 二元序列随机性检测方法-标准文本: https://www.tc260.org.cn/sysFile/downloadFile/zqyj_20250427104700
- 网络安全技术 二元序列随机性检测方法--标准送审稿编制说明.pdf: https://www.tc260.org.cn/sysFile/downloadFile/9abf2568c1bb487b9033a3a9b935664b
"
关于国家标准《网络安全技术 二元序列随机性检测方法》征求意见稿征求意见的通知,https://www.tc260.org.cn/portal/suggestion-detail/20250427104504,2025-04-25,全国信息安全标准化技术委员会,5,"各相关单位和专家：
经标准编制单位的辛勤努力，现已形成国家标准《网络安全技术 二元序列随机性检测方法》征求意见稿。为确保标准质量，网安标委秘书处面向社会广泛征求意见。
恳切希望您对该标准提出宝贵意见。并将意见于2025年06月24日前反馈给网安标委秘书处。
联系人：王姣
13661025214
wangjiao@cesi.cn
全国网络安全标准化技术委员会秘书处
2025
年
04
月
25
日

--- 相关附件 ---
- 网络安全技术 二元序列随机性检测方法-标准文本: https://www.tc260.org.cn/sysFile/downloadFile/zqyj_20250427104700
- 网络安全技术 二元序列随机性检测方法--标准送审稿编制说明.pdf: https://www.tc260.org.cn/sysFile/downloadFile/9abf2568c1bb487b9033a3a9b935664b
"
关于国家标准《网络安全技术 二元序列随机性检测方法》征求意见稿征求意见的通知,https://www.tc260.org.cn/portal/suggestion-detail/20250427104700,2025-04-25,全国信息安全标准化技术委员会,5,"各相关单位和专家：
经标准编制单位的辛勤努力，现已形成国家标准《网络安全技术 二元序列随机性检测方法》征求意见稿。为确保标准质量，网安标委秘书处面向社会广泛征求意见。
恳切希望您对该标准提出宝贵意见。并将意见于2025年06月24日前反馈给网安标委秘书处。
联系人：王姣
13661025214
wangjiao@cesi.cn
全国网络安全标准化技术委员会秘书处
2025
年
04
月
25
日

--- 相关附件 ---
- 网络安全技术 二元序列随机性检测方法-标准文本: https://www.tc260.org.cn/sysFile/downloadFile/zqyj_20250427104700
- 网络安全技术 二元序列随机性检测方法--标准送审稿编制说明.pdf: https://www.tc260.org.cn/sysFile/downloadFile/9abf2568c1bb487b9033a3a9b935664b
"
关于国家标准《网络安全技术 SM9密码算法加密签名消息格式》征求意见稿征求意见的通知,https://www.tc260.org.cn/portal/suggestion-detail/20250427104726,2025-04-25,全国信息安全标准化技术委员会,13,"各相关单位和专家：
经标准编制单位的辛勤努力，现已形成国家标准《网络安全技术 SM9密码算法加密签名消息格式》征求意见稿。为确保标准质量，网安标委秘书处面向社会广泛征求意见。
恳切希望您对该标准提出宝贵意见。并将意见于2025年06月24日前反馈给网安标委秘书处。
联系人：王姣
13661025214
wangjiao@cesi.cn
全国网络安全标准化技术委员会秘书处
2025
年
04
月
25
日

--- 相关附件 ---
- 网络安全技术 SM9密码算法加密签名消息格式-标准文本: https://www.tc260.org.cn/sysFile/downloadFile/zqyj_20250427104726
- 《网络安全技术 SM9密码算法加密签名消息格式》 送审稿编制说明.doc: https://www.tc260.org.cn/sysFile/downloadFile/11f175d5b51e4281be8239207c338809
"
关于国家标准《网安安全技术 秘密分享技术机制》征求意见稿征求意见的通知,https://www.tc260.org.cn/portal/suggestion-detail/20250427104800,2025-04-25,全国信息安全标准化技术委员会,5,"各相关单位和专家：
经标准编制单位的辛勤努力，现已形成国家标准《网安安全技术 秘密分享技术机制》征求意见稿。为确保标准质量，网安标委秘书处面向社会广泛征求意见。
恳切希望您对该标准提出宝贵意见。并将意见于2025年06月24日前反馈给网安标委秘书处。
联系人：王姣
13661025214
wangjiao@cesi.cn
全国网络安全标准化技术委员会秘书处
2025
年
04
月
25
日

--- 相关附件 ---
- 网安安全技术 秘密分享技术机制-标准文本: https://www.tc260.org.cn/sysFile/downloadFile/zqyj_20250427104800
- 网安安全技术 秘密分享技术机制-编制说明: https://www.tc260.org.cn/sysFile/downloadFile/bzsm_20250427104800
"
关于国家标准《网络安全技术 量子密钥分发的安全要求、测试和评估方法 第1部分：要求》征求意见稿征求意见的通知,https://www.tc260.org.cn/portal/suggestion-detail/20250427104834,2025-04-25,全国信息安全标准化技术委员会,9,"各相关单位和专家：
经标准编制单位的辛勤努力，现已形成国家标准《网络安全技术 量子密钥分发的安全要求、测试和评估方法 第1部分：要求》征求意见稿。为确保标准质量，网安标委秘书处面向社会广泛征求意见。
恳切希望您对该标准提出宝贵意见。并将意见于2025年06月24日前反馈给网安标委秘书处。
联系人：王姣
13661025214
wangjiao@cesi.cn
全国网络安全标准化技术委员会秘书处
2025
年
04
月
25
日

--- 相关附件 ---
- 网络安全技术 量子密钥分发的安全要求、测试和评估方法 第1部分：要求-标准文本: https://www.tc260.org.cn/sysFile/downloadFile/zqyj_20250427104834
- 网络安全技术 量子密钥分发的安全要求、测试和评估方法 第1部分：要求-编制说明: https://www.tc260.org.cn/sysFile/downloadFile/bzsm_20250427104834
"
关于国家标准《网络安全技术 量子密钥分发的安全要求、测试和评估方法 第2部分：测试和评估方法》征求意见稿征求意见的通知,https://www.tc260.org.cn/portal/suggestion-detail/20250427104900,2025-04-25,全国信息安全标准化技术委员会,9,"各相关单位和专家：
经标准编制单位的辛勤努力，现已形成国家标准《网络安全技术 量子密钥分发的安全要求、测试和评估方法 第2部分：测试和评估方法》征求意见稿。为确保标准质量，网安标委秘书处面向社会广泛征求意见。
恳切希望您对该标准提出宝贵意见。并将意见于2025年06月24日前反馈给网安标委秘书处。
联系人：王姣
13661025214
wangjiao@cesi.cn
全国网络安全标准化技术委员会秘书处
2025
年
04
月
25
日

--- 相关附件 ---
- 网络安全技术 量子密钥分发的安全要求、测试和评估方法 第2部分：测试和评估方法-标准文本: https://www.tc260.org.cn/sysFile/downloadFile/zqyj_20250427104900
- 网络安全技术 量子密钥分发的安全要求、测试和评估方法 第2部分：测试和评估方法-编制说明: https://www.tc260.org.cn/sysFile/downloadFile/bzsm_20250427104900
"
关于国家标准《网络安全技术 具有中央处理器的IC卡芯片安全规范》征求意见稿征求意见的通知,https://www.tc260.org.cn/portal/suggestion-detail/20250427104929,2025-04-25,全国信息安全标准化技术委员会,9,"各相关单位和专家：
经标准编制单位的辛勤努力，现已形成国家标准《网络安全技术 具有中央处理器的IC卡芯片安全规范》征求意见稿。为确保标准质量，网安标委秘书处面向社会广泛征求意见。
恳切希望您对该标准提出宝贵意见。并将意见于2025年06月24日前反馈给网安标委秘书处。
联系人：王姣
13661025214
wangjiao@cesi.cn
全国网络安全标准化技术委员会秘书处
2025
年
04
月
25
日

--- 相关附件 ---
- 网络安全技术 具有中央处理器的IC卡芯片安全规范-标准文本: https://www.tc260.org.cn/sysFile/downloadFile/zqyj_20250427104929
- 网络安全技术 具有中央处理器的IC卡芯片安全规范-编制说明: https://www.tc260.org.cn/sysFile/downloadFile/bzsm_20250427104929
"
关于国家标准《网络安全技术 移动终端安全技术规范》征求意见稿征求意见的通知,https://www.tc260.org.cn/portal/suggestion-detail/20250427105007,2025-04-25,全国信息安全标准化技术委员会,9,"各相关单位和专家：
经标准编制单位的辛勤努力，现已形成国家标准《网络安全技术 移动终端安全技术规范》征求意见稿。为确保标准质量，网安标委秘书处面向社会广泛征求意见。
恳切希望您对该标准提出宝贵意见。并将意见于2025年06月24日前反馈给网安标委秘书处。
联系人：王姣
13661025214
wangjiao@cesi.cn
全国网络安全标准化技术委员会秘书处
2025
年
04
月
25
日

--- 相关附件 ---
- 网络安全技术 移动终端安全技术规范-标准文本: https://www.tc260.org.cn/sysFile/downloadFile/zqyj_20250427105007
- 网络安全技术 移动终端安全技术规范-编制说明: https://www.tc260.org.cn/sysFile/downloadFile/bzsm_20250427105007
"
关于国家标准《网络安全技术　网络安全事件管理　第2部分：事件响应规划和准备指南》征求意见稿征求意见的通知,https://www.tc260.org.cn/portal/suggestion-detail/20250320164703,2025-03-20,全国信息安全标准化技术委员会,9,"各相关单位和专家：
经标准编制单位的辛勤努力，现已形成国家标准《网络安全技术　网络安全事件管理　第2部分：事件响应规划和准备指南》征求意见稿。为确保标准质量，网安标委秘书处面向社会广泛征求意见。
恳切希望您对该标准提出宝贵意见。并将意见于2025年05月19日前反馈给网安标委秘书处。
联系人：王姣
13661025214
wangjiao@cesi.cn
全国网络安全标准化技术委员会秘书处
2025
年
03
月
20
日

--- 相关附件 ---
- 网络安全技术　网络安全事件管理　第2部分：事件响应规划和准备指南-标准文本: https://www.tc260.org.cn/sysFile/downloadFile/zqyj_20250320164703
- 网络安全技术　网络安全事件管理　第2部分：事件响应规划和准备指南-编制说明: https://www.tc260.org.cn/sysFile/downloadFile/bzsm_20250320164703
"
关于国家标准《网络安全技术 网络安全事件管理 第1部分 原理和过程》征求意见稿征求意见的通知,https://www.tc260.org.cn/portal/suggestion-detail/20250320164724,2025-03-20,全国信息安全标准化技术委员会,8,"各相关单位和专家：
经标准编制单位的辛勤努力，现已形成国家标准《网络安全技术 网络安全事件管理 第1部分 原理和过程》征求意见稿。为确保标准质量，网安标委秘书处面向社会广泛征求意见。
恳切希望您对该标准提出宝贵意见。并将意见于2025年05月19日前反馈给网安标委秘书处。
联系人：王姣
13661025214
wangjiao@cesi.cn
全国网络安全标准化技术委员会秘书处
2025
年
03
月
20
日

--- 相关附件 ---
- 网络安全技术 网络安全事件管理 第1部分 原理和过程-标准文本: https://www.tc260.org.cn/sysFile/downloadFile/zqyj_20250320164724
- 20251020.--网络安全事件管理 第1部分 原理和过程--编制说明（送审稿）.doc: https://www.tc260.org.cn/sysFile/downloadFile/1b7140aca2584282853d7ce8b8dc1776
"
关于国家标准《网络安全技术　信息安全管理体系审核和认证机构要求》征求意见稿征求意见的通知,https://www.tc260.org.cn/portal/suggestion-detail/20250320164746,2025-03-20,全国信息安全标准化技术委员会,9,"各相关单位和专家：
经标准编制单位的辛勤努力，现已形成国家标准《网络安全技术　信息安全管理体系审核和认证机构要求》征求意见稿。为确保标准质量，网安标委秘书处面向社会广泛征求意见。
恳切希望您对该标准提出宝贵意见。并将意见于2025年05月19日前反馈给网安标委秘书处。
联系人：王姣
13661025214
wangjiao@cesi.cn
全国网络安全标准化技术委员会秘书处
2025
年
03
月
20
日

--- 相关附件 ---
- 网络安全技术　信息安全管理体系审核和认证机构要求-标准文本: https://www.tc260.org.cn/sysFile/downloadFile/zqyj_20250320164746
- 网络安全技术　信息安全管理体系审核和认证机构要求-编制说明: https://www.tc260.org.cn/sysFile/downloadFile/bzsm_20250320164746
"
关于国家标准《网络安全技术 基于互联网电子政务信息安全实施指南 第1部分：总则》征求意见稿征求意见的通知,https://www.tc260.org.cn/portal/suggestion-detail/20241202105809,2024-12-02,全国信息安全标准化技术委员会,9,"各相关单位和专家：
经标准编制单位的辛勤努力，现已形成国家标准《网络安全技术 基于互联网电子政务信息安全实施指南 第1部分：总则》征求意见稿。为确保标准质量，网安标委秘书处面向社会广泛征求意见。
恳切希望您对该标准提出宝贵意见。并将意见于2025年01月31日前反馈给网安标委秘书处。
联系人：王姣
13661025214
wangjiao@cesi.cn
全国网络安全标准化技术委员会秘书处
2024
年
12
月
02
日

--- 相关附件 ---
- 网络安全技术 基于互联网电子政务信息安全实施指南 第1部分：总则-标准文本: https://www.tc260.org.cn/sysFile/downloadFile/zqyj_20241202105809
- 网络安全技术 基于互联网电子政务信息安全实施指南 第1部分：总则-编制说明: https://www.tc260.org.cn/sysFile/downloadFile/bzsm_20241202105809
"
